{"cameraMode":{"drawMode":0,"name":"Shaded","section":"Shading Mode"},"sceneLighting":false,"audioPlay":false,"sceneViewState":{"m_AlwaysRefresh":false,"showFog":true,"showSkybox":false,"showFlares":true,"showImageEffects":true,"showParticleSystems":true,"showVisualEffectGraphs":true,"m_FxEnabled":true},"in2DMode":false,"pivot":{"x":0.18700000643730164,"y":0.7900000214576721,"z":1.0210000276565552},"rotation":{"x":-0.10478351265192032,"y":-0.657936692237854,"z":0.09416775405406952,"w":-0.7401602864265442},"size":0.32771944999694826,"orthographic":false}