{"cameraMode":{"drawMode":0,"name":"Shaded","section":"Shading Mode"},"sceneLighting":true,"audioPlay":false,"sceneViewState":{"m_AlwaysRefresh":false,"showFog":true,"showSkybox":true,"showFlares":true,"showImageEffects":true,"showParticleSystems":true,"showVisualEffectGraphs":true,"m_FxEnabled":true},"in2DMode":false,"pivot":{"x":31.069812774658204,"y":-2.2375333309173586,"z":12.005843162536621},"rotation":{"x":0.12573593854904176,"y":0.4068247377872467,"z":-0.0566556490957737,"w":0.9033833742141724},"size":14.458518981933594,"orthographic":false}