{"cameraMode":{"drawMode":0,"name":"Shaded","section":"Shading Mode"},"sceneLighting":true,"audioPlay":false,"sceneViewState":{"m_AlwaysRefresh":false,"showFog":true,"showSkybox":true,"showFlares":true,"showImageEffects":true,"showParticleSystems":true,"showVisualEffectGraphs":true,"m_FxEnabled":true},"in2DMode":false,"pivot":{"x":24.606849670410158,"y":1.5468922853469849,"z":-1.1667944192886353},"rotation":{"x":0.14106781780719758,"y":-0.6875815391540527,"z":0.13760921359062196,"w":0.6992690563201904},"size":0.5712563395500183,"orthographic":false}